epoch,step,train_loss
1,49,250.9672088623047
3,99,205.9362030029297
4,149,113.16487121582031
6,199,89.17560577392578
7,249,103.31410217285156
9,299,66.92179870605469
